question_id,topk_mass,neg_entropy,neg_logprob_var,is_correct
gsm8k_0,0.9990079604611143,-0.16935197470888166,-21.419985050057104,True
gsm8k_0,0.9956943532822522,-0.25498072057417065,-21.90953672873658,True
gsm8k_0,0.9983683007951991,-0.17840827294122646,-19.105078632585336,True
gsm8k_0,0.9973104594703902,-0.22575034737617675,-22.673977614704334,True
gsm8k_0,0.9981083022991126,-0.21176838438629547,-21.13086823715202,True
gsm8k_0,0.995481217614748,-0.2831045419390416,-18.621458877940658,True
gsm8k_0,0.9989336550639256,-0.18297021045222778,-21.923229262722895,True
gsm8k_1,0.9995721175206589,-0.1664962116186352,-20.472255895712085,True
gsm8k_1,0.9992539129494483,-0.16202756450199587,-18.92460480169022,True
gsm8k_1,0.9995531258334502,-0.17562845923953685,-19.209146780430117,True
gsm8k_1,0.9989426162324423,-0.1827942911548375,-22.813937141222947,True
gsm8k_1,0.9991655146222275,-0.18125820309611138,-21.31771083808398,True
gsm8k_1,0.9993352822637508,-0.1515620767439796,-22.54540528186179,True
gsm8k_1,0.9987739044710147,-0.19830108409680675,-22.184712438918776,True
gsm8k_2,0.9977594299174655,-0.17099250533042742,-28.69085609534303,True
gsm8k_2,0.9966721021678637,-0.21843146549851694,-26.113904259595873,True
gsm8k_2,0.9975984072198927,-0.172980597809675,-29.259988841844383,True
gsm8k_2,0.9980492000186482,-0.1703242258186047,-23.014986173371113,True
gsm8k_2,0.9980722166439778,-0.16952969209465038,-25.83546156109456,False
gsm8k_2,0.9981685571370199,-0.13828992304322338,-26.345559640314804,True
gsm8k_2,0.9978657139229548,-0.1539620858982464,-25.372636129900556,False
gsm8k_3,0.999243719882513,-0.14253627421576945,-21.317934153828418,True
gsm8k_3,0.9988537707091506,-0.1829826729369428,-25.80645683537967,True
gsm8k_3,0.9994295704519482,-0.18621104157574866,-22.35085400158961,True
gsm8k_3,0.999338905524855,-0.1348068855304429,-21.51103451630676,True
gsm8k_3,0.9987218065406399,-0.18274044888679158,-23.072789616381304,True
gsm8k_3,0.9994436694169279,-0.16457986683947864,-24.52192898032984,True
gsm8k_3,0.9994350716207105,-0.15558336018618973,-23.221482913141877,True
gsm8k_4,0.998122991108385,-0.1709653490556217,-21.331771093430344,True
gsm8k_4,0.99880003777452,-0.16678816469621918,-21.17413665051892,True
gsm8k_4,0.9983079495721628,-0.19574060402819082,-17.917690938701156,True
gsm8k_4,0.9973532467264846,-0.17374499565767523,-21.854229800539503,True
gsm8k_4,0.9987795990808966,-0.1548634502435298,-21.244854426817287,True
gsm8k_4,0.9973994082963011,-0.1815840917695532,-20.631240797208722,True
gsm8k_4,0.9968664325316569,-0.17197223966962377,-19.820281484393405,True
gsm8k_5,0.9960370670338349,-0.21370038378863826,-21.86362978244677,False
gsm8k_5,0.9958272868506916,-0.22903236161119012,-21.837381156953654,False
gsm8k_5,0.9951768894115576,-0.27000018958859623,-20.544137153881824,False
gsm8k_5,0.9940192273839891,-0.2246565891284334,-20.814249204608323,True
gsm8k_5,0.9973497143358558,-0.19736210362309353,-21.480197797480262,False
gsm8k_5,0.9958520361522909,-0.22450669268450496,-20.661554637211452,False
gsm8k_5,0.9972447811245767,-0.17588814772572467,-19.989377704040155,False
gsm8k_6,0.9987247073423565,-0.12356513175174016,-25.820013944352667,True
gsm8k_6,0.9982472533623978,-0.12559311991153455,-25.356479596210356,True
gsm8k_6,0.9985401625357636,-0.10528776943457042,-24.93492788401525,True
gsm8k_6,0.9995361358578819,-0.09772472450961203,-21.29624294790914,True
gsm8k_6,0.9982024898553681,-0.11889739507334315,-23.037737019865787,True
gsm8k_6,0.9986742386911565,-0.11275708905677803,-23.935470252856202,True
gsm8k_6,0.9989610902188806,-0.12057042258889952,-24.952759092592483,True
gsm8k_7,0.9959213844619677,-0.17252610838064447,-20.999261873836794,False
gsm8k_7,0.9942928408615642,-0.2169367580319608,-22.982797144018814,False
gsm8k_7,0.9932820203644888,-0.2255508764516064,-21.88637130874686,False
gsm8k_7,0.9939859178018297,-0.21565642390570175,-22.38284891716897,False
gsm8k_7,0.9964118553039408,-0.20305366248319204,-23.710289303730185,False
gsm8k_7,0.9966134502022892,-0.1530576907059826,-19.441926078604286,False
gsm8k_7,0.9961150681312911,-0.1452665229314643,-20.564213963677748,False
gsm8k_8,0.9933795601787325,-0.27476912063873504,-21.621356533462524,True
gsm8k_8,0.9951652020101277,-0.21911203446257832,-22.062133393509033,False
gsm8k_8,0.9952271228172792,-0.18547559393241492,-19.935392973520923,False
gsm8k_8,0.9956195952561147,-0.17286477412011944,-19.119444113642786,False
gsm8k_8,0.9928468080915049,-0.22634207178523466,-21.641488980657986,False
gsm8k_8,0.9920469998829933,-0.24318525772016947,-18.932341701522166,False
gsm8k_8,0.9951358891989951,-0.20463872713181194,-20.71033483813578,False
gsm8k_9,0.9986265044932632,-0.17946868928429005,-18.827781609931723,True
gsm8k_9,0.9985344489473827,-0.17751223941831315,-21.836715760900457,True
gsm8k_9,0.9994135065435845,-0.14226535111385005,-21.77486225666088,True
gsm8k_9,0.9987499910350467,-0.17739936254920863,-19.55777425518886,True
gsm8k_9,0.9984710282206863,-0.1747125503523499,-19.480446065818306,True
gsm8k_9,0.9995388773907496,-0.11476250962078774,-16.682657156159436,False
gsm8k_9,0.9973660610527197,-0.1958272448676006,-18.652756981153548,True
gsm8k_10,0.9990555408309795,-0.15227722946207478,-19.09324498451212,True
gsm8k_10,0.9982584267794294,-0.153969005493354,-22.936857058247867,True
gsm8k_10,0.999119977845813,-0.1433216539957835,-19.351415382604724,True
gsm8k_10,0.9990741135383259,-0.15342405792505995,-18.297752527665814,True
gsm8k_10,0.9996832443424538,-0.11813479672819578,-18.1694362869145,True
gsm8k_10,0.9980440277870936,-0.15282875728458764,-21.98158672581233,True
gsm8k_10,0.9980088237798616,-0.18949564613894698,-20.64132265534881,True
gsm8k_11,0.9998489058323619,-0.09435441054829513,-20.520451002439955,True
gsm8k_11,0.9997054868686005,-0.09806216302617692,-20.66273767664362,True
gsm8k_11,0.9998930319689292,-0.06472665080516897,-14.853744075186768,True
gsm8k_11,0.9993134654061643,-0.10180686262973278,-17.84937021737475,True
gsm8k_11,0.9994946364573003,-0.07589836320500133,-16.330833045667205,True
gsm8k_11,0.9997120296328151,-0.10637250894313068,-21.699077605743412,True
gsm8k_11,0.9997249197655219,-0.08551034999476974,-16.405360994888575,True
gsm8k_12,0.9960501248721522,-0.20922253602503302,-16.74355261737984,False
gsm8k_12,0.9958136776183715,-0.26620054061162374,-17.091349960253215,False
gsm8k_12,0.9946192565534728,-0.26366559562196,-21.135998505081567,False
gsm8k_12,0.996881809686116,-0.2129109093820228,-19.920309396334233,False
gsm8k_12,0.9977406329456725,-0.2341050781039028,-16.734269431181875,True
gsm8k_12,0.9956821338131497,-0.2910328193385101,-18.296813240244607,False
gsm8k_12,0.9963515293870137,-0.22584947733670002,-18.85162009409648,False
gsm8k_13,0.9970291817933201,-0.13584160084123642,-18.48689647405826,True
gsm8k_13,0.9966999889748689,-0.17074982758067153,-19.519349050628847,True
gsm8k_13,0.9973363836275303,-0.16231049608789716,-17.63616774768451,True
gsm8k_13,0.9979104488822904,-0.1229814879080429,-15.588423399024009,True
gsm8k_13,0.9984116629483526,-0.15502429872137768,-16.793819010166363,False
gsm8k_13,0.9939218444602747,-0.23997577154440936,-19.251102761087004,True
gsm8k_13,0.9971187224124899,-0.1337019490081117,-16.87821870772119,True
gsm8k_14,0.9975553410431839,-0.17377749670197695,-20.743191850634755,True
gsm8k_14,0.9981339678883074,-0.13613508193431215,-16.6240104728488,True
gsm8k_14,0.9984714175762793,-0.13061654815273377,-17.795692898778242,True
gsm8k_14,0.9988633458882723,-0.1334652022391044,-16.86793021894249,True
gsm8k_14,0.9990449489356836,-0.1345589745906359,-17.72742350287835,True
gsm8k_14,0.9988808547152115,-0.13016679744525217,-17.383655997116573,True
gsm8k_14,0.9986536803871083,-0.12248841449100026,-15.821235820955218,True
gsm8k_15,0.9968775696034786,-0.13546031582744267,-22.523662591029748,True
gsm8k_15,0.9975690532911141,-0.13563552022394998,-22.520331659991594,False
gsm8k_15,0.9966448006225584,-0.12494141226350039,-22.857046615452543,True
gsm8k_15,0.9970260638160359,-0.13890881113698558,-22.000331193321834,False
gsm8k_15,0.997575106929081,-0.10750642579620055,-19.03370051009076,False
gsm8k_15,0.9962496573344503,-0.16593536584690674,-22.56247680313793,False
gsm8k_15,0.9968506331937346,-0.12089815095987344,-21.952909484558038,True
gsm8k_16,0.9980600602192599,-0.20439816931067264,-24.49781776186972,True
gsm8k_16,0.996843918372997,-0.20922557099567143,-24.212022532264005,True
gsm8k_16,0.9957311448139357,-0.23608421370692867,-22.59113772786518,True
gsm8k_16,0.9967130137361924,-0.1984741524736391,-24.9851289375713,True
gsm8k_16,0.99870398466815,-0.16207137706003646,-21.062641503916474,True
gsm8k_16,0.9980629052774237,-0.20322638159126266,-23.45211509961656,True
gsm8k_16,0.9968608482672769,-0.21211541580852578,-21.54886498301975,True
gsm8k_17,0.9994596014971359,-0.0990529959876483,-17.10895672539804,True
gsm8k_17,0.9994107789116827,-0.10105198861545821,-16.477388295557333,False
gsm8k_17,0.9986721098771254,-0.1520369519549337,-22.363557636200795,True
gsm8k_17,0.998947217127253,-0.09031713769385921,-18.683208319888006,True
gsm8k_17,0.9995491228236709,-0.06913934814545591,-14.742160743877703,False
gsm8k_17,0.999694761082083,-0.1256626369048896,-23.29353637397011,True
gsm8k_17,0.9996363969483593,-0.1212408274550689,-19.399030640933375,True
gsm8k_18,0.9998485949125566,-0.1125152729020122,-19.53002326665703,False
gsm8k_18,0.9998746222354087,-0.08799817263514019,-16.963937869690994,False
gsm8k_18,0.999691031768514,-0.14004473768901549,-21.56725944633791,False
gsm8k_18,0.9995893189225284,-0.16377106495364543,-21.31800041535505,False
gsm8k_18,0.9994684532207856,-0.11451309434427474,-19.56528184117807,False
gsm8k_18,0.9996600606830269,-0.1473884811369081,-22.197160655560673,False
gsm8k_18,0.9996711176096943,-0.1337456375724285,-19.239993739867334,True
gsm8k_19,0.9968788080248292,-0.202453123692186,-16.888486541833565,True
gsm8k_19,0.9988360493153747,-0.1380332864902416,-16.32900064177117,False
gsm8k_19,0.9972439120517054,-0.163486882796804,-16.907324871250296,True
gsm8k_19,0.9977461787244086,-0.1668078611530855,-16.95005037333772,False
gsm8k_19,0.9976606674658016,-0.1909277100499865,-17.463502593020603,False
gsm8k_19,0.9987186609890419,-0.135897848621757,-16.47293316200723,False
gsm8k_19,0.9977346524896078,-0.1588802215364297,-17.20945437297743,False
gsm8k_20,0.9968527056579451,-0.15892162045601327,-17.83416948166408,True
gsm8k_20,0.9985430779684565,-0.15597445772401378,-18.496458956981495,True
gsm8k_20,0.9985221140195384,-0.13273486596115003,-18.778898290303665,True
gsm8k_20,0.996876968073975,-0.17300812956997838,-18.24802529977719,True
gsm8k_20,0.998759702762267,-0.11757450576858922,-18.417369689489952,True
gsm8k_20,0.998782708595437,-0.10459577987887937,-17.556806467135214,True
gsm8k_20,0.998231091223739,-0.1513002180340944,-18.739011195471964,True
gsm8k_21,0.9964205642086414,-0.25551865636244775,-18.963709237296186,False
gsm8k_21,0.9978273263746018,-0.22394416319261248,-20.936639991815312,False
gsm8k_21,0.9957894794464475,-0.24695973530745813,-17.094916152064762,False
gsm8k_21,0.997351778617512,-0.19470028039758705,-22.050279786720882,False
gsm8k_21,0.9992441884055125,-0.18213100276224053,-23.07384028686335,False
gsm8k_21,0.9966393380907411,-0.23064388349845952,-19.191628910023038,True
gsm8k_21,0.9970397744781504,-0.20475148500559173,-21.393543765158803,False
gsm8k_22,0.9996722591522202,-0.10849789782660756,-19.296556789956625,True
gsm8k_22,0.999751292353302,-0.10488913889687386,-20.246976827287337,True
gsm8k_22,0.9996684946277983,-0.10876350056809604,-20.141895994464573,True
gsm8k_22,0.9995461676005052,-0.10047555097734037,-17.657107448105517,True
gsm8k_22,0.9994713556791144,-0.1240713090830358,-20.1139194735488,True
gsm8k_22,0.9990752729583765,-0.14450647817155285,-19.102699761062983,True
gsm8k_22,0.9992636511326609,-0.1174355608246461,-20.044458718741712,True
gsm8k_23,0.9995729522591491,-0.12149785570429934,-26.28670111840496,False
gsm8k_23,0.9989317553115966,-0.162970252704847,-25.517094304259206,True
gsm8k_23,0.998711884188534,-0.1865171397453988,-28.593631696141525,False
gsm8k_23,0.9989638499867671,-0.1449661128855107,-28.34905533852936,True
gsm8k_23,0.9982042856907091,-0.20067164230643164,-30.08142344664317,False
gsm8k_23,0.9993861864683748,-0.16953115216029527,-28.942612394680094,False
gsm8k_23,0.9989869868295357,-0.17937316480401216,-27.631317412689185,True
gsm8k_24,0.9982346161678609,-0.16772405166335994,-21.67863175166008,False
gsm8k_24,0.9973868350198527,-0.19572027418578697,-23.24890984739791,False
gsm8k_24,0.9976638314985792,-0.17910702588141691,-22.642943964796277,True
gsm8k_24,0.9982395174272816,-0.14614607548167854,-21.838509230562497,True
gsm8k_24,0.9984040546883579,-0.16811904076376105,-22.632615078546372,True
gsm8k_24,0.998627226118432,-0.16347451300753973,-22.955968029592412,True
gsm8k_24,0.9977084321306293,-0.18651197604425898,-25.680976542286448,False
gsm8k_25,0.9984692790344305,-0.1386722701933051,-17.908712645473866,True
gsm8k_25,0.9980736355402289,-0.1639492186707318,-21.68095309054773,True
gsm8k_25,0.9987102229023086,-0.14397166552563195,-20.691729746707782,True
gsm8k_25,0.9977907397552497,-0.1712294894015661,-19.48728343596889,True
gsm8k_25,0.9970945304730389,-0.19170942481979275,-21.889979343910706,True
gsm8k_25,0.9977894386706144,-0.194758689418098,-22.114199542214244,True
gsm8k_25,0.9974400948976858,-0.16573129292572095,-18.631230286048392,True
gsm8k_26,0.9997841570542583,-0.10156249744797084,-19.530049151080185,True
gsm8k_26,0.9996081054391471,-0.09238234085869206,-18.842277875393286,True
gsm8k_26,0.9998123360295104,-0.08124483861479237,-17.186341547485,True
gsm8k_26,0.9995873577878953,-0.08328653435308046,-17.028841028217926,True
gsm8k_26,0.9989924761014698,-0.10536193680111093,-19.311499772539072,True
gsm8k_26,0.9996943953452859,-0.09536287009983974,-18.24740205374407,True
gsm8k_26,0.999671570498994,-0.11196683189081205,-21.69584328808601,True
gsm8k_27,0.9987856040080378,-0.15454944831286108,-20.18818370501751,False
gsm8k_27,0.9992908539020887,-0.1328133253837344,-19.2086521496066,True
gsm8k_27,0.9993005317186447,-0.14834933926625649,-20.609690791033017,False
gsm8k_27,0.9984909205369137,-0.17593838941007545,-19.37168489083438,False
gsm8k_27,0.9992596747922786,-0.13804029562980644,-17.88025955743934,True
gsm8k_27,0.9990238390187238,-0.13951137084839843,-18.902437518403875,False
gsm8k_27,0.9984958731176774,-0.14021949855835555,-19.806402190822233,True
gsm8k_28,0.9982144680576794,-0.18968595982580136,-22.451735841942263,True
gsm8k_28,0.9957984215413501,-0.25964715771307034,-22.558132913835117,True
gsm8k_28,0.9956939822308728,-0.25648752634496813,-23.881959641833134,True
gsm8k_28,0.9944788263993607,-0.26903268571859446,-22.963226577233495,True
gsm8k_28,0.9950780785558204,-0.25442433520838476,-22.66768806868177,True
gsm8k_28,0.9970711517680301,-0.23212146536732778,-22.673474847688592,True
gsm8k_28,0.9961966799739522,-0.2311723820320269,-21.456194804628826,True
gsm8k_29,0.9987290119722684,-0.14951533748290718,-20.273473339455226,True
gsm8k_29,0.9967786735656249,-0.17212632410098788,-21.7406926511645,True
gsm8k_29,0.9976155108303583,-0.18955447224736238,-25.25176590229609,True
gsm8k_29,0.9987969664308198,-0.1752603365710216,-20.5244097439492,True
gsm8k_29,0.9991381800820587,-0.1206172121553885,-18.81592338079827,True
gsm8k_29,0.9984935275761051,-0.1917560176573111,-18.512819478949154,True
gsm8k_29,0.996528675116244,-0.17671335958583623,-18.99693735098066,True
gsm8k_30,0.999009889489219,-0.11347146258040747,-21.06677154272248,True
gsm8k_30,0.9987247243913786,-0.1492523565806467,-21.241779125225683,True
gsm8k_30,0.9983822961944958,-0.1426685538958142,-21.515681993632057,True
gsm8k_30,0.9991093138244964,-0.10444368293037457,-18.552213410812385,False
gsm8k_30,0.9990999113463971,-0.12775623783084147,-20.08832750307028,True
gsm8k_30,0.9985579446770712,-0.11695582050099805,-22.69773119155368,True
gsm8k_30,0.9984557509151719,-0.12809779673938607,-22.580019332220726,True
gsm8k_31,0.9978726376584627,-0.17951751346731787,-21.465879211366726,True
gsm8k_31,0.9980536763552877,-0.14753894141826898,-21.216978195372903,True
gsm8k_31,0.9988087991389757,-0.15373126748069932,-19.58000149009362,True
gsm8k_31,0.999560138769378,-0.14183511290624176,-21.91654378508524,True
gsm8k_31,0.9987490897696667,-0.16056008950324674,-20.832924692694164,True
gsm8k_31,0.9983868073783201,-0.18859325268520288,-25.582043821769176,True
gsm8k_31,0.9993247057629178,-0.13300182469013241,-19.182482004974265,True
gsm8k_32,0.9993349166541732,-0.16760685876439022,-23.820142072613297,True
gsm8k_32,0.9999166867531176,-0.11654761845833454,-21.621361632683023,True
gsm8k_32,0.9998589161303404,-0.10870986142651136,-22.787635217132575,True
gsm8k_32,0.9998094344470299,-0.12783489989564617,-21.91923104319997,True
gsm8k_32,0.9998771385728467,-0.1344669295040015,-23.558388688608684,True
gsm8k_32,0.9995876245187997,-0.11777961013666448,-20.36411430642398,True
gsm8k_32,0.9998804523973175,-0.12994513561586615,-21.28438198444253,True
gsm8k_33,0.9986929270461418,-0.1409691243133126,-27.586272893571294,True
gsm8k_33,0.9997810722090917,-0.10454907966199616,-23.29658336900354,True
gsm8k_33,0.9996582056994721,-0.12522550916273162,-25.813077054239393,True
gsm8k_33,0.999836875802824,-0.08676289557961879,-21.829576434269892,True
gsm8k_33,0.9998296152701218,-0.09015732092636848,-21.67003600777072,True
gsm8k_33,0.9995325666488155,-0.1313926624536486,-25.747812311681788,True
gsm8k_33,0.9988825532129932,-0.11567359728732528,-23.068987831951606,True
gsm8k_34,0.9993698933195486,-0.11854365939703558,-22.383090874785346,True
gsm8k_34,0.9993999781685918,-0.1162487320623365,-22.974031350312025,True
gsm8k_34,0.9979512856714403,-0.16024781993295728,-22.403768972054568,True
gsm8k_34,0.9992149516771849,-0.1319393495611367,-23.93132230893541,True
gsm8k_34,0.9996009189716827,-0.09270593853974866,-21.61497257945014,True
gsm8k_34,0.9995284052762328,-0.1094314856271221,-23.696296219115258,True
gsm8k_34,0.9995259713989164,-0.10760496655459924,-23.179408330227307,True
gsm8k_35,0.9987066209177442,-0.17376660440978992,-19.935647632795476,True
gsm8k_35,0.9988133672945195,-0.1447965163919738,-19.807588409997418,True
gsm8k_35,0.9980942934036809,-0.16306564533729512,-20.506070734209448,True
gsm8k_35,0.9992727861459889,-0.1456489201593099,-21.231714162225362,True
gsm8k_35,0.9985612435525402,-0.17328640783885918,-18.602860014740788,True
gsm8k_35,0.9987753121653262,-0.1616420561398688,-21.250107437059274,True
gsm8k_35,0.9987221431597735,-0.12539467231493506,-18.430034779050708,True
gsm8k_36,0.999118370904836,-0.14248926845249857,-21.970824481039504,False
gsm8k_36,0.9993933033156497,-0.1412575763717633,-22.5931891605552,False
gsm8k_36,0.999098622828174,-0.1282496519446833,-19.255623258118465,False
gsm8k_36,0.9989533429837542,-0.11990427758522137,-16.882943460758064,False
gsm8k_36,0.9998388847749444,-0.10334224023413274,-17.761792412989276,False
gsm8k_36,0.9992873310621109,-0.1566911822101424,-23.785328955421523,False
gsm8k_36,0.998994906512071,-0.1474070716956455,-19.317966577181746,False
gsm8k_37,0.9936755579906323,-0.23293369444470913,-23.871277239535967,False
gsm8k_37,0.9802271159394401,-0.3700551794763698,-24.335397935141994,False
gsm8k_37,0.9824087384998268,-0.2934822728315587,-22.61986212966761,False
gsm8k_37,0.9830632857721242,-0.3141677007862978,-23.772320063316222,False
gsm8k_37,0.9888163893211217,-0.2658743453624283,-24.048221316641172,False
gsm8k_37,0.9781049148357797,-0.3840007929966985,-24.081647010370318,False
gsm8k_37,0.9909808464480651,-0.24234029433276955,-23.05385677488696,False
gsm8k_38,0.9984814689702572,-0.1914168414003188,-20.093598980687606,True
gsm8k_38,0.9982192742218516,-0.1835359033751636,-19.681244958430863,True
gsm8k_38,0.9960019606437145,-0.24915639366872067,-20.46339224652624,True
gsm8k_38,0.9957476745640426,-0.2673173028841296,-20.172611892535237,True
gsm8k_38,0.9976466125656592,-0.19032848243523684,-19.04391847764691,False
gsm8k_38,0.9981085275891224,-0.1759716697542708,-18.807260227780674,True
gsm8k_38,0.9968265350924745,-0.2170067917283757,-20.70645476923771,True
gsm8k_39,0.9978777877554135,-0.1739218788471069,-19.84506874339388,True
gsm8k_39,0.9964289274374541,-0.1992440438998668,-18.055537049787272,True
gsm8k_39,0.998047627851654,-0.13285152554052543,-17.436855032915552,True
gsm8k_39,0.9988397605689876,-0.13527177406528815,-17.45354032964962,True
gsm8k_39,0.9978196795805948,-0.14166016845421434,-18.457323715353162,True
gsm8k_39,0.9987050430356671,-0.13338981200922903,-18.40694177046033,True
gsm8k_39,0.9978171830944409,-0.15949926423459904,-17.53689005094733,False
gsm8k_40,0.9968466131966316,-0.20203461176180024,-20.028906395647795,True
gsm8k_40,0.9988583710939081,-0.13694644614620352,-19.388505960386855,True
gsm8k_40,0.9995936901636878,-0.10530042790283281,-19.922941756873524,True
gsm8k_40,0.9981841404921501,-0.12269942922140137,-21.17775125228512,True
gsm8k_40,0.9993045126374234,-0.11096013763964147,-19.15547451903113,True
gsm8k_40,0.9988264862171466,-0.13298321446243547,-20.930069577564307,True
gsm8k_40,0.9968193700288696,-0.1754442684631386,-21.303841883078455,True
gsm8k_41,0.9896282061880717,-0.2908306975056877,-24.767596515310604,True
gsm8k_41,0.9972038929486241,-0.2145060289620207,-21.982862392970254,True
gsm8k_41,0.9949176699880884,-0.2552619738499441,-21.74092823432823,True
gsm8k_41,0.9961223929809568,-0.22197476423417534,-22.913039331792465,True
gsm8k_41,0.9928305929097864,-0.2526753423934122,-23.138930422543986,True
gsm8k_41,0.993447236480649,-0.23594414952142215,-23.208355973260698,True
gsm8k_41,0.9965880715162166,-0.19031137790023891,-22.593967596600464,True
gsm8k_42,0.9994808587490087,-0.1395888095914133,-18.760443987623308,True
gsm8k_42,0.9989044129499967,-0.1575978285708334,-17.894637530141946,True
gsm8k_42,0.9993416054145432,-0.13266289435428846,-20.892012720733145,True
gsm8k_42,0.9980477992420984,-0.17809168922138371,-21.78160544992326,True
gsm8k_42,0.9978781758621413,-0.17926034643722272,-20.435246386292278,True
gsm8k_42,0.9990556474387833,-0.1745440038206975,-23.868118758982934,True
gsm8k_42,0.9988738647135387,-0.15542878026543627,-21.78434816183237,True
gsm8k_43,0.9968114804715438,-0.18093964090678646,-19.592150125871832,True
gsm8k_43,0.9981871298017783,-0.1494356467390376,-18.799337334693792,True
gsm8k_43,0.997606418121463,-0.17452075309726556,-19.953893301747158,False
gsm8k_43,0.9977237581615956,-0.16373355284359548,-19.82298822180206,False
gsm8k_43,0.9959387821928879,-0.25066875599086674,-23.25697233688438,False
gsm8k_43,0.9976157508107895,-0.18038963703961136,-22.57997722566932,False
gsm8k_43,0.9982158109599368,-0.19064340347768896,-21.211275180508604,True
gsm8k_44,0.9985770060732745,-0.12956524108786244,-19.63113336548494,True
gsm8k_44,0.9992801879105957,-0.12427206364180159,-17.37253402515617,False
gsm8k_44,0.998898625949606,-0.12406260772401739,-19.38730451567455,False
gsm8k_44,0.9991277019218047,-0.10788895215597301,-16.921919111831244,False
gsm8k_44,0.9992775405273492,-0.12283012730749092,-18.16135787442795,False
gsm8k_44,0.9985346389427412,-0.14402247233282975,-19.010168794963786,False
gsm8k_44,0.99889614002041,-0.12862163432625523,-18.605518621044467,True
gsm8k_45,0.9994312168408875,-0.1265808040811097,-16.096502571417446,True
gsm8k_45,0.9984054965539844,-0.13627996385577465,-17.695336567637394,True
gsm8k_45,0.9990074737580841,-0.13088849293790444,-17.103114872328828,True
gsm8k_45,0.9994144893201944,-0.13383242715433477,-17.278184991699433,True
gsm8k_45,0.9982314693372142,-0.1635505447870613,-18.434128816595116,True
gsm8k_45,0.9985773193874775,-0.14532844738886933,-16.857321836582148,True
gsm8k_45,0.9981293196278602,-0.1627442895115034,-17.785213529996373,True
gsm8k_46,0.9836924830492634,-0.3366464973166878,-17.82700830591247,False
gsm8k_46,0.9943557117117373,-0.22924805301971957,-20.654695753191696,True
gsm8k_46,0.9970145658147905,-0.22279084977001862,-21.62625487185803,True
gsm8k_46,0.996558191162256,-0.19339161773395955,-20.002782228454873,True
gsm8k_46,0.9951478596619631,-0.22563795444488097,-23.45985293161431,True
gsm8k_46,0.9942336686510118,-0.2510874751675769,-21.595175044600822,True
gsm8k_46,0.9938604953821211,-0.23661799289873908,-20.007575902321474,True
gsm8k_47,0.9998202534353553,-0.08844335033303453,-18.560627492550562,True
gsm8k_47,0.99952982662994,-0.10903978734346043,-17.99309840457015,True
gsm8k_47,0.9997999797804619,-0.08340195985332215,-17.267235770004998,True
gsm8k_47,0.9996138943364572,-0.09129682424585382,-16.15835269204635,True
gsm8k_47,0.9997967643674892,-0.10500440770550652,-19.496008841407427,True
gsm8k_47,0.9998335494876022,-0.08208557589823731,-16.05331959344891,True
gsm8k_47,0.998765473210403,-0.09755528774742156,-16.863681330259652,True
gsm8k_48,0.9996835294189257,-0.14921171684609238,-19.99019332561334,False
gsm8k_48,0.9990143456903293,-0.14578908419233993,-21.503416858566535,False
gsm8k_48,0.9994561183498891,-0.17228881951111275,-25.39831478745242,True
gsm8k_48,0.9993981185945281,-0.15214741488559763,-21.82059962559277,False
gsm8k_48,0.9992928864424545,-0.15997084469998366,-21.86127046249087,False
gsm8k_48,0.9996473897689598,-0.17142757392533822,-24.942543021638528,False
gsm8k_48,0.9994516096720429,-0.14527709587741303,-22.388476294241332,False
gsm8k_49,0.9994628723991813,-0.10086712399608845,-18.59147815641118,True
gsm8k_49,0.9995772250730863,-0.09771838171635318,-18.44402490784188,True
gsm8k_49,0.998822563280647,-0.12375200222039229,-20.948792526594467,True
gsm8k_49,0.9995943320278774,-0.11858396695779147,-19.158954406035665,True
gsm8k_49,0.9997614936000465,-0.09809397790011548,-18.434269578692128,True
gsm8k_49,0.9994110466073499,-0.12002020011677214,-18.480725234031222,True
gsm8k_49,0.99864042065511,-0.12455803048660552,-21.29169651182933,True
stratqa_0,0.9796384711107685,-0.5183814238625432,-22.775657318588514,True
stratqa_0,0.9760244529402207,-0.4944133059485529,-17.62463153476998,True
stratqa_0,0.9800284214739785,-0.5896189855858894,-18.951608664192662,True
stratqa_0,0.977492754969177,-0.6139271292609609,-15.906260659183149,True
stratqa_0,0.9835663675492865,-0.5883846367260892,-15.924556207506388,True
stratqa_0,0.977353469251525,-0.4860666195803374,-18.095122236118602,True
stratqa_0,0.9850429328327924,-0.417317959922297,-22.879329718204126,True
stratqa_1,0.9986320003844984,-0.3031301398408935,-18.418473443432646,True
stratqa_1,0.9973745757733595,-0.3592795414833547,-19.1064907731827,True
stratqa_1,0.9993738553494596,-0.2027113976650476,-14.670140962659541,True
stratqa_1,0.9997108462035628,-0.19627115872823647,-15.12815100954959,True
stratqa_1,0.997952203767442,-0.333981405206282,-19.712463841646265,True
stratqa_1,0.9980720459620404,-0.2610931723334283,-16.07975494212038,True
stratqa_1,0.9980989570950197,-0.3353494469369878,-16.833698712534165,True
stratqa_2,0.9963583933047319,-0.3435455755021306,-18.137815550836947,True
stratqa_2,0.9971019354471218,-0.3681837147330495,-12.172030619105282,True
stratqa_2,0.98444845638812,-0.4893753208583378,-15.960024270472088,True
stratqa_2,0.9934189970043432,-0.38895101861920917,-14.524932461289033,True
stratqa_2,0.9729915103249313,-0.48740285854223947,-17.027566399286037,True
stratqa_2,0.9971393729564272,-0.4061061820677065,-14.034423519271432,True
stratqa_2,0.9951674208632089,-0.3618410735916742,-14.24011797791708,True
stratqa_3,0.9634239448705879,-0.45349360104493835,-13.696064611328756,False
stratqa_3,0.9831592363720733,-0.4859911320230756,-15.642514022295252,False
stratqa_3,0.9815640296714291,-0.479632184960882,-13.639931486210395,False
stratqa_3,0.9879418952919193,-0.4600901432165003,-15.736792840708823,False
stratqa_3,0.9863356088126368,-0.4410190089949019,-13.161362978543979,False
stratqa_3,0.9811236641472372,-0.5155730531231187,-13.120693373770383,False
stratqa_3,0.9886194209349561,-0.40835054761444883,-16.807072587878405,False
stratqa_4,0.9938308065761365,-0.48632484184340136,-15.318747451279055,False
stratqa_4,0.997562965943041,-0.38420408426414515,-11.452414958623121,False
stratqa_4,0.9966975418242435,-0.3923120002823497,-10.505700152556564,False
stratqa_4,0.9977091583494005,-0.3850659081690992,-10.90141158789698,False
stratqa_4,0.9975649841082388,-0.4163073601575507,-15.623682532311532,False
stratqa_4,0.9936533630846461,-0.4400593738352031,-13.147589736861802,False
stratqa_4,0.9978084518045117,-0.374624434433806,-12.325741184071147,False
stratqa_5,0.9880401268268452,-0.4838790881327834,-16.31501196987803,True
stratqa_5,0.9926259438243625,-0.4525689700149424,-14.49865390313869,True
stratqa_5,0.9909222607836636,-0.4465235414463744,-18.502592324703052,True
stratqa_5,0.9939910631223843,-0.2814176644486543,-16.213935952453276,True
stratqa_5,0.9942514302426966,-0.2744588802408032,-16.448534496558757,True
stratqa_5,0.9928318056637049,-0.35671781670182995,-17.763864706593164,True
stratqa_5,0.9895933193185197,-0.5042161968731126,-19.14478543945685,True
stratqa_6,0.9990834194265664,-0.28208905234836473,-16.093891180318415,True
stratqa_6,0.9988245771724944,-0.30367679148938714,-15.552801785320396,True
stratqa_6,0.9975506940317497,-0.3656027190438646,-15.606356129732042,True
stratqa_6,0.9989116180934434,-0.2448173246690623,-15.93503743278451,True
stratqa_6,0.9990849711310497,-0.247609401168365,-12.721501351632037,True
stratqa_6,0.9986146797165614,-0.2893222302875436,-11.84455566861895,True
stratqa_6,0.9981999613326451,-0.3069848059659124,-17.144567530669757,True
stratqa_7,0.9943923550143161,-0.39865721254983905,-26.088193164983185,True
stratqa_7,0.9891681069164824,-0.42907608227556027,-27.432507731441973,True
stratqa_7,0.9923191230795725,-0.3636387313828554,-23.297318376916827,True
stratqa_7,0.9859826493239049,-0.32700336871599456,-24.482780151893763,True
stratqa_7,0.9893979744751663,-0.36802756318427426,-24.9486669279451,True
stratqa_7,0.9909132946688951,-0.3959303983397104,-22.845889168643478,True
stratqa_7,0.9796160219418475,-0.3739703822841125,-17.08711955207497,True
stratqa_8,0.9952415626492053,-0.45055599734515195,-23.0515164873841,False
stratqa_8,0.9930853750201032,-0.4803189441582065,-24.047945089841118,False
stratqa_8,0.988126326164967,-0.4798328657043304,-29.698477792312136,False
stratqa_8,0.9974797047647475,-0.31606386412573717,-30.96235732146674,False
stratqa_8,0.9915391338834179,-0.359639198148748,-23.015556144960854,False
stratqa_8,0.9951530658133418,-0.4183857057683235,-25.609243718311582,False
stratqa_8,0.9936895440265648,-0.381464064408492,-24.914824697249774,False
stratqa_9,0.9967516284509501,-0.340696553577652,-21.005226609707606,True
stratqa_9,0.9974806397440115,-0.2888453869706131,-15.748475129370835,True
stratqa_9,0.9957565168097757,-0.38315249918768846,-15.7601211378273,True
stratqa_9,0.9978781449495397,-0.31501584381365616,-17.353865264923883,True
stratqa_9,0.9969555033561115,-0.2597571578210597,-15.263248122184617,True
stratqa_9,0.9966544916220603,-0.2535084239713239,-17.5375892860702,True
stratqa_9,0.9968870177035438,-0.33798015956136024,-16.218313474415595,True
stratqa_10,0.983834513731228,-0.3598083800304249,-15.570274488317613,True
stratqa_10,0.9852588379706614,-0.3961557665535189,-13.965967517367607,True
stratqa_10,0.9803348631219932,-0.3677418890209145,-14.156827415020143,True
stratqa_10,0.9970942553783609,-0.29622323922536836,-14.031770063005672,True
stratqa_10,0.9837958924733766,-0.35240526099661157,-16.511708132389103,True
stratqa_10,0.9979031508609585,-0.3232245718409968,-17.62770917226416,True
stratqa_10,0.9968797745176446,-0.32010605606914116,-15.494629342880406,True
stratqa_11,0.9914404344501889,-0.3087711268703525,-16.42979126748303,True
stratqa_11,0.9948409774644497,-0.30376321419700697,-16.033621784268433,True
stratqa_11,0.9962098244261778,-0.3146329671798232,-15.239363775243467,True
stratqa_11,0.991416329668603,-0.36271405267106244,-16.282872628566274,True
stratqa_11,0.9970625007595785,-0.2740143257409661,-16.09075601182417,True
stratqa_11,0.9949472866038974,-0.319585115509108,-20.504082762040223,True
stratqa_11,0.9886294203815505,-0.4061798404010816,-16.351564758054206,True
stratqa_12,0.9974618886700295,-0.318434154901845,-16.96295885536164,True
stratqa_12,0.9977281921524519,-0.24723577119554369,-23.143135506618343,True
stratqa_12,0.9973827182484318,-0.31434951544946516,-16.553505111418254,True
stratqa_12,0.9971851032164448,-0.33970091993805795,-17.46692986247316,True
stratqa_12,0.997449802270972,-0.25688965995192564,-19.400778956395257,True
stratqa_12,0.9976274995105773,-0.3264625916225722,-17.093094714257504,True
stratqa_12,0.9980092546162393,-0.2544492142671183,-17.585963092869957,True
stratqa_13,0.9966115917616721,-0.23158929723291938,-15.460279854541266,True
stratqa_13,0.9987640144270121,-0.2524126309516606,-17.697641874606603,True
stratqa_13,0.9995817213454767,-0.2363101625372609,-14.407461743698962,True
stratqa_13,0.9990188451712039,-0.1939704480622107,-19.59939069240723,True
stratqa_13,0.9994468456231381,-0.21166661877823698,-17.11392399498163,True
stratqa_13,0.9991428770104779,-0.22255928561310429,-19.564974108310658,True
stratqa_13,0.9967315377231156,-0.29749609112295516,-17.620348718897795,True
stratqa_14,0.9917653657800599,-0.47572525584294134,-20.02895943855817,True
stratqa_14,0.9623476595586671,-0.5916310139092713,-12.371748355913418,True
stratqa_14,0.989605699169866,-0.54546123091892,-15.558442869667855,True
stratqa_14,0.9679353256548243,-0.6475249409955,-12.306955982649043,True
stratqa_14,0.9706691024756257,-0.6160996405719154,-15.688026373211766,True
stratqa_14,0.970046691704151,-0.5613894652520909,-15.159327982054272,True
stratqa_14,0.9810619735496987,-0.5109843659545684,-14.396927061849084,True
stratqa_15,0.9930510996412719,-0.38860631244382043,-21.477722533297015,True
stratqa_15,0.9834804325188092,-0.4770362039786384,-14.548239512600729,True
stratqa_15,0.9912603589025687,-0.4526523208859463,-16.437123251144524,True
stratqa_15,0.9825148870996183,-0.43417144081537146,-10.049865418370585,True
stratqa_15,0.9936414999163078,-0.39494356055164503,-20.94487688917281,True
stratqa_15,0.9789037107702684,-0.468829665614017,-8.025117923590738,True
stratqa_15,0.9910699618050879,-0.36785295977727456,-16.424351787809147,True
stratqa_16,0.9890839144418719,-0.45162586691337125,-27.687918638596752,False
stratqa_16,0.9904509530848346,-0.3647527083386533,-28.59209279696205,False
stratqa_16,0.9798963783814328,-0.5441376792269274,-19.008145424615012,False
stratqa_16,0.9785371180921477,-0.4636859614522874,-29.59996748441811,False
stratqa_16,0.9848551148425354,-0.3550269060658019,-27.09003950701059,False
stratqa_16,0.9806310378772249,-0.4258527000265087,-25.398605107865077,False
stratqa_16,0.9860639856126692,-0.4483752194261198,-34.044745869049656,False
stratqa_17,0.9927767763460768,-0.3669798818621285,-38.086088342618545,False
stratqa_17,0.9933146219037254,-0.30364392249976535,-42.14135679614246,False
stratqa_17,0.9913019565282064,-0.37873692311145585,-34.160495520900454,False
stratqa_17,0.9912155808244114,-0.429043485684156,-38.380012866050215,False
stratqa_17,0.9929158064216542,-0.3552492206315946,-38.14508003662048,False
stratqa_17,0.9928024346777643,-0.37368552357179,-38.189468083734226,False
stratqa_17,0.9930879872313813,-0.3939517244574723,-37.12001867398192,False
stratqa_18,0.9809840684599226,-0.40232052027129145,-13.059942950419227,True
stratqa_18,0.9824232226760605,-0.42816841606068684,-15.394879099793865,True
stratqa_18,0.9802908940944031,-0.376046919521076,-15.138354564218952,True
stratqa_18,0.9811778887733175,-0.41195583662587315,-11.868038062495653,True
stratqa_18,0.976544078066243,-0.4999535710250903,-13.49622448743773,True
stratqa_18,0.9770401800324026,-0.4758076681067837,-16.005995254603953,True
stratqa_18,0.9813825157757404,-0.38529856695486436,-16.894577821743564,True
stratqa_19,0.9442988848649418,-0.7181287416162643,-10.13074102444076,True
stratqa_19,0.9619780279667722,-0.6547300019352532,-12.090215444336309,True
stratqa_19,0.9822601684650295,-0.558586227424018,-10.069143113567998,True
stratqa_19,0.9658489482601332,-0.6137510813873682,-10.146513275617197,True
stratqa_19,0.965097788412257,-0.5841444549960653,-10.831722061216421,True
stratqa_19,0.9623990558802014,-0.5724713715204839,-10.91768763368542,True
stratqa_19,0.9763819245926254,-0.5227412526350229,-11.366321964845048,True
stratqa_20,0.993917223662755,-0.32877268419497985,-41.07861380279941,False
stratqa_20,0.9991877431582592,-0.23930600865023782,-37.39318725831638,False
stratqa_20,0.9985953308546384,-0.22691232286833377,-39.992285712713645,False
stratqa_20,0.9947943458602454,-0.2618468927518154,-40.194728784644624,False
stratqa_20,0.9960607540595107,-0.4193871722948624,-26.20721841542856,False
stratqa_20,0.9970068524315248,-0.2922466300975083,-41.90920700942352,False
stratqa_20,0.9988509065390105,-0.24631732407352147,-39.681745150923454,False
stratqa_21,0.978416051509289,-0.37135262351345794,-14.535964522269367,True
stratqa_21,0.9812292917971771,-0.4794189849202308,-10.25472292123365,True
stratqa_21,0.9697288198702281,-0.5983194645081595,-11.368156254932146,True
stratqa_21,0.9793363925242023,-0.6202621997793558,-13.27830687535111,True
stratqa_21,0.9798661097828376,-0.44876151511196316,-16.692034642582392,True
stratqa_21,0.9816271662349492,-0.43436405145093826,-17.012296613640075,True
stratqa_21,0.9796382909452452,-0.5459267630229493,-13.196624081386403,True
stratqa_22,0.9869945028111223,-0.35821173494461617,-14.07123653833643,False
stratqa_22,0.979026769393768,-0.44532920777402857,-16.426646536304197,False
stratqa_22,0.9912902570938757,-0.40208832133884403,-16.792464097062762,False
stratqa_22,0.978282214294154,-0.5061716291571606,-18.65677868797373,False
stratqa_22,0.9913968924158006,-0.4698939121925125,-15.392907214050048,False
stratqa_22,0.9848594499647794,-0.4329732226343579,-16.431311771048858,False
stratqa_22,0.9793199277931784,-0.4631223219054571,-16.544864827024867,False
stratqa_23,0.9802835564819221,-0.532660642793215,-13.820147828935514,True
stratqa_23,0.9794571912127364,-0.4930831315082788,-13.787224858074897,True
stratqa_23,0.9909112431043724,-0.34745076961148347,-17.16379707093447,True
stratqa_23,0.9939766900267594,-0.35245897858080355,-23.397189879486234,True
stratqa_23,0.9930498658417468,-0.34709781064438683,-21.040839055489297,True
stratqa_23,0.9842537756490434,-0.38993576032916505,-16.97515869321399,True
stratqa_23,0.9855140568895092,-0.4409560386512513,-15.391163067650865,True
stratqa_24,0.9667449103295503,-0.5456550647322758,-12.31591068762721,True
stratqa_24,0.9690364554696306,-0.5058824861143215,-14.281325698888717,True
stratqa_24,0.9705354458498203,-0.5614910316671813,-11.639912921557755,True
stratqa_24,0.9740722438608063,-0.42659762755468544,-12.895457878898798,True
stratqa_24,0.9723856018876321,-0.5218995189163781,-11.723105608695159,True
stratqa_24,0.9674196504245317,-0.4748965882533104,-12.324713032635826,True
stratqa_24,0.9703054477445872,-0.5046639025899077,-14.255023111547658,True
stratqa_25,0.9952383673231875,-0.2371406518614165,-17.41588057474385,False
stratqa_25,0.9862198949140545,-0.3407226852388945,-23.339774744565428,False
stratqa_25,0.9889690450376528,-0.2635457754843636,-19.857069920203163,False
stratqa_25,0.9942672108468092,-0.20398149538321642,-18.199121346811477,False
stratqa_25,0.9969712297177055,-0.24574435370503162,-18.372977559350524,False
stratqa_25,0.9880436648300874,-0.3054160385168733,-22.615961886803472,False
stratqa_25,0.9893650306967796,-0.2602341097290445,-23.14429242186812,False
stratqa_26,0.9891862645692785,-0.44343721449420415,-14.022952021667393,False
stratqa_26,0.9962570550289316,-0.39910383504300956,-11.112560841590879,False
stratqa_26,0.9830112900988695,-0.4561802972765375,-11.534713420587476,False
stratqa_26,0.9892427525996729,-0.4946297448649015,-13.198726079252792,False
stratqa_26,0.984781449174742,-0.47811719657651175,-14.730359910243115,False
stratqa_26,0.9957386417505187,-0.3719159928240892,-10.525592796090818,False
stratqa_26,0.9885279294349192,-0.4788465680234749,-12.541647917064505,False
stratqa_27,0.9951159371900632,-0.23180813412847623,-19.876632949689444,False
stratqa_27,0.9725470247072139,-0.36925639352818207,-19.145636886665127,False
stratqa_27,0.9946522861475495,-0.32019310160765624,-22.677482573089218,False
stratqa_27,0.9849855977612055,-0.526165895444047,-24.429405712244677,False
stratqa_27,0.9886837445317195,-0.4186253125959084,-22.02083082901567,False
stratqa_27,0.9939115553194534,-0.3902431247386774,-19.481360760985243,False
stratqa_27,0.9900012143807708,-0.34655243538585,-21.043330478626576,False
stratqa_28,0.9943799122557959,-0.4010202961853878,-12.035646767465847,True
stratqa_28,0.9938593897600203,-0.39821396452355207,-11.920365953368789,True
stratqa_28,0.9966857004126932,-0.2823536841171098,-15.282792140376134,True
stratqa_28,0.993951951458827,-0.33675959159312036,-15.25269234570784,True
stratqa_28,0.9959519813463351,-0.32355125182290867,-15.289865642980896,True
stratqa_28,0.9935751311632002,-0.35575174939868776,-15.014174657504244,True
stratqa_28,0.9966756490400318,-0.2812540895607928,-13.515230184047873,True
stratqa_29,0.9909632735567347,-0.47107371558808314,-14.420266586472623,True
stratqa_29,0.9930313957471603,-0.4424453374903696,-16.73571397550167,True
stratqa_29,0.9885585486013724,-0.3946254165236796,-14.847753425174012,True
stratqa_29,0.9844299957020003,-0.5182855974932663,-15.213935389921343,True
stratqa_29,0.9939231287411152,-0.4168317254397967,-15.709602334943204,True
stratqa_29,0.9923313046256926,-0.4703830066172674,-15.872586120722357,True
stratqa_29,0.9919766790704395,-0.34339152677037027,-16.889681967940952,True
stratqa_30,0.9647240636902505,-0.45532021727953875,-10.450472938086412,False
stratqa_30,0.974436161692526,-0.44896688763021964,-12.24856034877141,False
stratqa_30,0.9669713924004892,-0.43966727193808586,-11.858682329395494,False
stratqa_30,0.9593564135152521,-0.5049505210699419,-13.846642924227575,False
stratqa_30,0.9686001921344204,-0.43497217981562175,-12.74709232234863,False
stratqa_30,0.983061782918022,-0.37883992475886924,-11.545862155213586,False
stratqa_30,0.9715521388975893,-0.4469336326550748,-13.718664071293817,False
stratqa_31,0.9960182628261803,-0.39341018652568094,-16.36786752329512,False
stratqa_31,0.988289662333642,-0.4428747372787847,-16.310188992838892,False
stratqa_31,0.9952303911615467,-0.3500996270359393,-14.80218731175467,False
stratqa_31,0.9933878538942655,-0.4205757968823215,-17.209859566979127,False
stratqa_31,0.975442095651969,-0.5685391209424491,-13.204344474412478,False
stratqa_31,0.9765135440603693,-0.47409381725479377,-15.287416929549762,False
stratqa_31,0.9907982153174884,-0.3996310500465725,-15.993240960536527,False
stratqa_32,0.9993767178500829,-0.22892158427480086,-13.809864631199872,True
stratqa_32,0.9993767177543589,-0.22892224922993953,-13.812311660834817,True
stratqa_32,0.9993383102703361,-0.2275866325603511,-13.253318357404474,True
stratqa_32,0.9993767177543589,-0.22892224922993953,-13.812311660834817,True
stratqa_32,0.9913178372048244,-0.3156325310423085,-12.9316498027118,True
stratqa_32,0.9993467579006755,-0.2421751460023671,-13.273150530699695,True
stratqa_32,0.9993767177543589,-0.22892224922993953,-13.812311660834817,True
stratqa_33,0.977524512753781,-0.6256406688705674,-13.87631719599142,True
stratqa_33,0.9903275641036524,-0.45251390498174904,-12.58409954986757,True
stratqa_33,0.9941617548882915,-0.47140414489446597,-14.794122644892198,True
stratqa_33,0.9854602256349329,-0.5045590132476029,-14.701250221546845,True
stratqa_33,0.9916321908063487,-0.40153715283916835,-16.72213494992621,True
stratqa_33,0.9918694014292335,-0.4990876417449371,-15.221574219457876,True
stratqa_33,0.9897286849850013,-0.5041806959911187,-14.404491426231896,True
stratqa_34,0.9984147681598652,-0.19634056782929363,-36.18656739032754,True
stratqa_34,0.9960364227417999,-0.30501380700580477,-38.828653057293195,True
stratqa_34,0.9990780329445766,-0.18287739957684065,-38.202992609852444,True
stratqa_34,0.9990236792965457,-0.173216153530626,-35.07331058621995,True
stratqa_34,0.9974890324234222,-0.28374013455968533,-35.56805486044909,True
stratqa_34,0.9942616136226107,-0.39995796408897244,-38.940067728638795,True
stratqa_34,0.9990797493797327,-0.18696573517873363,-35.65265658138015,True
stratqa_35,0.9815321953784698,-0.38585464928242713,-18.766201016920515,True
stratqa_35,0.9551358381407992,-0.3362701543810946,-14.08780199041925,True
stratqa_35,0.9640207524165564,-0.40603391217563156,-13.946718377168857,True
stratqa_35,0.9760027610284904,-0.31323829335941566,-14.325261274680035,True
stratqa_35,0.9487310779276091,-0.3111874079927827,-14.183352233872544,True
stratqa_35,0.9462948160230632,-0.34640627698630533,-13.898937134686122,True
stratqa_35,0.9661163292649274,-0.32840051952924465,-14.382562250965952,True
stratqa_36,0.9897609932317178,-0.3477446809908591,-17.544796130819392,True
stratqa_36,0.9866649994405114,-0.47565054457488354,-13.122941071246323,True
stratqa_36,0.9843012408404892,-0.4719324862695692,-13.912143437248682,True
stratqa_36,0.9897080867057887,-0.30385645176773196,-13.368354173600704,True
stratqa_36,0.989642948390714,-0.2981600195732771,-13.421863416154753,True
stratqa_36,0.9891388655707102,-0.34805297945153413,-12.305785212898991,True
stratqa_36,0.9895428050349372,-0.3442957290693249,-15.579193694133366,True
stratqa_37,0.9830313802501881,-0.4561710424134889,-32.15753671490541,False
stratqa_37,0.9936068768087075,-0.2612079116336873,-36.34948506062059,False
stratqa_37,0.993031230165272,-0.34315006164153455,-27.49864740585177,False
stratqa_37,0.9903015712070823,-0.4899426299652242,-31.718934213187673,False
stratqa_37,0.9947266842504734,-0.31262841113825585,-39.11913408627333,False
stratqa_37,0.9931199522937674,-0.4228720388146336,-38.42542067125779,False
stratqa_37,0.9957027797808504,-0.32945361402295864,-33.217209924969055,False
stratqa_38,0.9986642468641422,-0.2652256789330095,-24.461476378275428,True
stratqa_38,0.9991826286665603,-0.15328352147901494,-19.4704280788646,True
stratqa_38,0.9992407673182635,-0.16903576319467858,-18.469745338242763,True
stratqa_38,0.9988796554905898,-0.19545403903347053,-21.243485366537996,True
stratqa_38,0.998920164033718,-0.20853486190465217,-23.793699412081377,True
stratqa_38,0.999182324259205,-0.17512197896871246,-16.88836819901136,True
stratqa_38,0.9991826414124128,-0.1532622617395151,-19.469436834030894,True
stratqa_39,0.9816474679475219,-0.42542770753213127,-14.208283687155047,False
stratqa_39,0.9828741733627607,-0.4365072889106123,-13.099094477948329,False
stratqa_39,0.9670713432642285,-0.5047528228000352,-12.655113322449097,False
stratqa_39,0.9679107465597397,-0.5245543736034406,-11.630094094806266,False
stratqa_39,0.9810975762092295,-0.4645821814929994,-13.651689887223009,False
stratqa_39,0.9816357274392095,-0.4934263507342961,-13.720021571927408,False
stratqa_39,0.9837212050354683,-0.42077718925624663,-14.910353810384887,False
stratqa_40,0.9976732258957186,-0.27353580787578613,-17.4836787891069,False
stratqa_40,0.9981609953737726,-0.2569182098430726,-15.938963421356206,False
stratqa_40,0.9975951271223864,-0.29986758924439316,-20.129981535626385,False
stratqa_40,0.9930029310547142,-0.37612182456373283,-15.983978875826974,False
stratqa_40,0.997846375586844,-0.290792950239968,-15.219144235106116,False
stratqa_40,0.9949596552297544,-0.3420318918940505,-19.34941735701095,False
stratqa_40,0.9968760781876437,-0.30470378027516043,-21.479772978293173,False
stratqa_41,0.9898870401455636,-0.4423093435339593,-14.748103209582379,True
stratqa_41,0.9973965056089075,-0.38616861650651124,-12.403964761174155,True
stratqa_41,0.993268817914242,-0.42486706996137036,-15.5664845559184,True
stratqa_41,0.9938445939606441,-0.4082515541502641,-11.770421226370713,True
stratqa_41,0.9901600934609617,-0.45259444037561686,-14.837483621023582,True
stratqa_41,0.9948050215748865,-0.31785657173814985,-15.51952686595036,True
stratqa_41,0.989390230849484,-0.5096261940202955,-19.124438148936306,True
stratqa_42,0.98827476043641,-0.3559976889016009,-15.823156346373397,True
stratqa_42,0.994050122778484,-0.3444052633902069,-20.401241131600703,True
stratqa_42,0.9881731280224866,-0.332884297479451,-21.849954369377976,True
stratqa_42,0.9894657073463697,-0.355119929893882,-19.416658107676152,True
stratqa_42,0.9888520728973851,-0.33578982715590633,-19.10223427778796,True
stratqa_42,0.9890486969988058,-0.35552967450467304,-19.48524661565354,True
stratqa_42,0.9896868179500283,-0.3157471757042627,-18.714802634705027,True
stratqa_43,0.971248997227506,-0.4342053289445468,-20.535695585114354,True
stratqa_43,0.9769689714098407,-0.3991851941014346,-13.186805078715702,True
stratqa_43,0.9809815008330015,-0.3445630023468363,-16.89017332727006,True
stratqa_43,0.983098342310658,-0.4163308238175901,-13.574947060983694,True
stratqa_43,0.9831754712789597,-0.42099790162252665,-15.03902051511979,True
stratqa_43,0.9885914320085981,-0.33097867150399213,-15.151122619913016,True
stratqa_43,0.9927513181981547,-0.357291403187609,-13.943924023156477,True
stratqa_44,0.9925440580942266,-0.4040581117437546,-14.789384235510102,False
stratqa_44,0.9873138714191598,-0.5234040824969636,-13.373552175678645,False
stratqa_44,0.9773567105818033,-0.5488370853706839,-13.680959743675105,False
stratqa_44,0.9926607082454314,-0.4513325959274953,-14.92750289140572,False
stratqa_44,0.9882151513176604,-0.3980140012130585,-14.241436744224178,False
stratqa_44,0.9715810514143273,-0.5445019475714825,-14.883507877478955,False
stratqa_44,0.9893085200266237,-0.35754696091742805,-15.208465043666656,False
stratqa_45,0.968159154546785,-0.5527634402381811,-14.064825631787517,False
stratqa_45,0.9680187748254516,-0.5763527591299141,-12.285124507093476,False
stratqa_45,0.9688790009177105,-0.5382428658364073,-18.34722435988525,False
stratqa_45,0.9649179469013679,-0.643548303724762,-15.51829014780229,False
stratqa_45,0.958300788559178,-0.6050215094806666,-18.14893579568246,False
stratqa_45,0.9763620474088336,-0.46487192031210006,-14.254280010622717,False
stratqa_45,0.9699026131910133,-0.4333054101115413,-20.559502923389093,False
stratqa_46,0.9808908954061852,-0.5189172291739595,-24.73920745724008,True
stratqa_46,0.9881477550906776,-0.4258702769254167,-19.33727003254233,True
stratqa_46,0.9751310622652921,-0.5451810905300949,-16.280477341332393,True
stratqa_46,0.9875206868188204,-0.4407012429145295,-23.580438103795856,True
stratqa_46,0.9890734224612125,-0.3894744130006092,-28.189963533840274,True
stratqa_46,0.9822795659007539,-0.4960049597319971,-10.142241680859604,True
stratqa_46,0.9829495110324444,-0.46377819921306906,-8.315166974315927,True
stratqa_47,0.9781438619922248,-0.4559172204705895,-20.43879279796511,False
stratqa_47,0.9936627662117199,-0.34243828409023663,-20.153604054836112,False
stratqa_47,0.9939299061378909,-0.3958247572611463,-11.016688910051112,False
stratqa_47,0.9735646694168931,-0.5151233148957213,-8.288017846860509,False
stratqa_47,0.981951312637171,-0.45548129408602633,-12.165797818452413,False
stratqa_47,0.9936928922467828,-0.4353015602475504,-13.792061010949121,False
stratqa_47,0.9821946799747117,-0.44976065850706387,-15.203241666203336,False
stratqa_48,0.9943277836739387,-0.2778429540698552,-17.827502844965906,True
stratqa_48,0.9938049370083052,-0.34454231527018003,-17.996759565697676,True
stratqa_48,0.9882154803584056,-0.35633112557293894,-17.144287980529278,True
stratqa_48,0.992629250304819,-0.36185585310981205,-17.215592254297484,True
stratqa_48,0.9902777949888626,-0.33955649475946,-18.34832059435864,True
stratqa_48,0.9889689442207384,-0.3164588904820177,-17.798156933660263,True
stratqa_48,0.994557885594665,-0.3273947595665398,-17.707272821823725,True
stratqa_49,0.9927487269954308,-0.26050512148797167,-18.85103359457053,False
stratqa_49,0.993010864168872,-0.25797463453469266,-20.770582022613272,False
stratqa_49,0.9939525277375011,-0.23412032709911632,-15.797316301941969,False
stratqa_49,0.9995669272235536,-0.25728643571243875,-15.023536791893596,False
stratqa_49,0.9950343068438027,-0.21247449176889613,-18.658777033832287,False
stratqa_49,0.9943501779850101,-0.24609638042854512,-14.085288675084671,False
stratqa_49,0.9940402618432259,-0.2673127935044759,-18.276276576248318,False
